contractSymbol,lastTradeDate,strike,lastPrice,bid,ask,change,percentChange,volume,openInterest,impliedVolatility,inTheMoney,contractSize,currency,type,retrieved_date,expiration
SPY250411C00375000,2025-04-10 17:28:02+00:00,375.0,150.05,148.72,152.08,6.279999,4.368087,3.0,601,1.0000000000000003e-05,True,REGULAR,USD,call,2025-04-11,2025-04-11
SPY250411C00380000,2025-04-09 17:01:55+00:00,380.0,121.96,144.07,147.31,0.0,0.0,10.0,32,1.0000000000000003e-05,True,REGULAR,USD,call,2025-04-11,2025-04-11
SPY250411C00385000,2025-04-04 15:42:25+00:00,385.0,131.96,139.07,142.63,0.0,0.0,4.0,2,1.0000000000000003e-05,True,REGULAR,USD,call,2025-04-11,2025-04-11
SPY250411C00390000,2025-04-07 13:36:18+00:00,390.0,97.69,133.59,137.31,0.0,0.0,8.0,5,1.0000000000000003e-05,True,REGULAR,USD,call,2025-04-11,2025-04-11
SPY250411C00395000,2025-04-07 13:51:12+00:00,395.0,96.41,129.42,131.91,0.0,0.0,17.0,11,1.0000000000000003e-05,True,REGULAR,USD,call,2025-04-11,2025-04-11
SPY250411C00400000,2025-04-10 15:58:57+00:00,400.0,118.75,123.72,126.94,0.0,0.0,1.0,18,1.0000000000000003e-05,True,REGULAR,USD,call,2025-04-11,2025-04-11
SPY250411C00410000,2025-04-07 13:36:06+00:00,410.0,78.45,114.74,116.91,0.0,0.0,4.0,2,1.0000000000000003e-05,True,REGULAR,USD,call,2025-04-11,2025-04-11
SPY250411C00415000,2025-04-08 17:16:07+00:00,415.0,91.69,108.9,112.43,0.0,0.0,2.0,10,1.0000000000000003e-05,True,REGULAR,USD,call,2025-04-11,2025-04-11
SPY250411C00420000,2025-04-10 18:22:01+00:00,420.0,105.15,104.86,106.92,0.0,0.0,4.0,39,1.0000000000000003e-05,True,REGULAR,USD,call,2025-04-11,2025-04-11
SPY250411C00425000,2025-04-10 14:56:05+00:00,425.0,102.98,99.74,101.97,0.0,0.0,17.0,18,1.0000000000000003e-05,True,REGULAR,USD,call,2025-04-11,2025-04-11
SPY250411C00430000,2025-04-08 14:06:23+00:00,430.0,94.13,94.11,97.54,0.0,0.0,4.0,0,1.0000000000000003e-05,True,REGULAR,USD,call,2025-04-11,2025-04-11
SPY250411C00440000,2025-04-10 18:15:33+00:00,440.0,81.38,85.3,87.45,0.0,0.0,24.0,28,1.0000000000000003e-05,True,REGULAR,USD,call,2025-04-11,2025-04-11
SPY250411C00445000,2025-04-11 15:00:04+00:00,445.0,80.87,78.77,81.99,-11.849998,-12.780413,1.0,20,1.0000000000000003e-05,True,REGULAR,USD,call,2025-04-11,2025-04-11
SPY250411C00450000,2025-04-10 19:50:01+00:00,450.0,74.01,75.4,77.0,2.3100052,3.2217648,1.0,472,1.0000000000000003e-05,True,REGULAR,USD,call,2025-04-11,2025-04-11
SPY250411C00455000,2025-04-11 15:17:30+00:00,455.0,66.76,69.64,72.1,-3.2399979,-4.628568,4.0,36,1.0000000000000003e-05,True,REGULAR,USD,call,2025-04-11,2025-04-11
SPY250411C00460000,2025-04-11 15:29:38+00:00,460.0,63.01,65.8,65.97,3.079998,5.139326,80.0,1057,1.0000000000000003e-05,True,REGULAR,USD,call,2025-04-11,2025-04-11
SPY250411C00465000,2025-04-11 15:17:30+00:00,465.0,56.78,60.02,62.5,-8.150002,-12.551981,20.0,42,1.0000000000000003e-05,True,REGULAR,USD,call,2025-04-11,2025-04-11
SPY250411C00469000,2025-04-11 14:28:32+00:00,469.0,52.02,55.99,57.79,-13.850002,-21.026266,8.0,21,1.0000000000000003e-05,True,REGULAR,USD,call,2025-04-11,2025-04-11
SPY250411C00470000,2025-04-11 13:40:57+00:00,470.0,52.99,55.75,56.82,0.7900009,1.5134116,1.0,349,1.0000000000000003e-05,True,REGULAR,USD,call,2025-04-11,2025-04-11
SPY250411C00472000,2025-04-10 16:54:21+00:00,472.0,50.82,52.59,54.84,4.0200005,8.589745,8.0,9,1.0000000000000003e-05,True,REGULAR,USD,call,2025-04-11,2025-04-11
SPY250411C00473000,2025-04-11 14:30:58+00:00,473.0,49.15,51.55,53.92,-3.0699997,-5.878973,11.0,45,1.0000000000000003e-05,True,REGULAR,USD,call,2025-04-11,2025-04-11
SPY250411C00475000,2025-04-11 14:46:57+00:00,475.0,50.79,49.84,51.97,4.130001,8.851267,28.0,112,1.0000000000000003e-05,True,REGULAR,USD,call,2025-04-11,2025-04-11
SPY250411C00478000,2025-04-10 19:50:54+00:00,478.0,44.05,46.84,48.98,-1.4400024,-3.1655362,22.0,140,1.0000000000000003e-05,True,REGULAR,USD,call,2025-04-11,2025-04-11
SPY250411C00479000,2025-04-11 15:16:03+00:00,479.0,43.12,46.31,48.36,-4.330002,-9.125399,24.0,123,1.0000000000000003e-05,True,REGULAR,USD,call,2025-04-11,2025-04-11
SPY250411C00480000,2025-04-11 15:49:27+00:00,480.0,46.17,45.45,46.13,2.619999,6.016071,96.0,243,1.0000000000000003e-05,True,REGULAR,USD,call,2025-04-11,2025-04-11
SPY250411C00482000,2025-04-11 14:45:00+00:00,482.0,43.31,43.37,44.63,-0.9699974,-2.1905994,98.0,178,1.0000000000000003e-05,True,REGULAR,USD,call,2025-04-11,2025-04-11
SPY250411C00485000,2025-04-11 15:46:54+00:00,485.0,40.14,40.34,41.88,2.4899979,6.6135397,56.0,367,1.0000000000000003e-05,True,REGULAR,USD,call,2025-04-11,2025-04-11
SPY250411C00486000,2025-04-11 15:31:54+00:00,486.0,37.05,39.89,40.1,-4.119999,-10.007284,75.0,282,1.0000000000000003e-05,True,REGULAR,USD,call,2025-04-11,2025-04-11
SPY250411C00487000,2025-04-11 15:49:10+00:00,487.0,39.25,38.88,39.09,1.8800011,5.0307765,89.0,282,1.0000000000000003e-05,True,REGULAR,USD,call,2025-04-11,2025-04-11
SPY250411C00488000,2025-04-11 15:27:15+00:00,488.0,34.14,38.03,38.19,-4.9400024,-12.640742,48.0,142,1.0000000000000003e-05,True,REGULAR,USD,call,2025-04-11,2025-04-11
SPY250411C00490000,2025-04-11 15:19:38+00:00,490.0,32.95,35.84,36.03,0.0,0.0,44.0,973,1.0000000000000003e-05,True,REGULAR,USD,call,2025-04-11,2025-04-11
SPY250411C00491000,2025-04-11 15:35:59+00:00,491.0,32.5,34.9,35.06,-1.1100006,-3.3025904,6.0,334,1.0000000000000003e-05,True,REGULAR,USD,call,2025-04-11,2025-04-11
SPY250411C00492000,2025-04-11 15:31:54+00:00,492.0,31.14,33.85,34.04,-3.5600014,-10.259369,48.0,247,1.0000000000000003e-05,True,REGULAR,USD,call,2025-04-11,2025-04-11
SPY250411C00493000,2025-04-11 15:06:32+00:00,493.0,29.5,32.92,33.08,1.0,3.508772,39.0,352,1.0000000000000003e-05,True,REGULAR,USD,call,2025-04-11,2025-04-11
SPY250411C00494000,2025-04-11 14:16:22+00:00,494.0,31.0,32.06,32.24,0.87999916,2.921644,31.0,473,1.0000000000000003e-05,True,REGULAR,USD,call,2025-04-11,2025-04-11
SPY250411C00495000,2025-04-11 15:36:29+00:00,495.0,30.73,31.15,31.31,-0.069999695,-0.22727174,32.0,944,1.0000000000000003e-05,True,REGULAR,USD,call,2025-04-11,2025-04-11
SPY250411C00496000,2025-04-11 15:38:24+00:00,496.0,28.48,30.02,30.18,-1.4700012,-4.908184,38.0,657,1.0000000000000003e-05,True,REGULAR,USD,call,2025-04-11,2025-04-11
SPY250411C00497000,2025-04-11 15:48:52+00:00,497.0,29.21,29.02,29.18,-0.25,-0.8486083,32.0,764,1.0000000000000003e-05,True,REGULAR,USD,call,2025-04-11,2025-04-11
SPY250411C00498000,2025-04-11 15:07:41+00:00,498.0,24.5,28.13,28.31,0.5100002,2.1258867,70.0,1244,1.0000000000000003e-05,True,REGULAR,USD,call,2025-04-11,2025-04-11
SPY250411C00499000,2025-04-11 15:37:45+00:00,499.0,26.0,27.23,27.4,-2.290001,-8.094736,58.0,791,1.0000000000000003e-05,True,REGULAR,USD,call,2025-04-11,2025-04-11
SPY250411C00500000,2025-04-11 15:50:02+00:00,500.0,26.13,26.09,26.26,-0.7400017,-2.7540069,840.0,7596,1.0000000000000003e-05,True,REGULAR,USD,call,2025-04-11,2025-04-11
SPY250411C00501000,2025-04-11 14:58:47+00:00,501.0,22.94,25.1,25.27,-0.22999954,-0.99266094,235.0,864,1.0000000000000003e-05,True,REGULAR,USD,call,2025-04-11,2025-04-11
SPY250411C00502000,2025-04-11 15:45:22+00:00,502.0,23.7,24.13,24.3,-0.5099983,-2.1065607,29.0,1054,1.0000000000000003e-05,True,REGULAR,USD,call,2025-04-11,2025-04-11
SPY250411C00503000,2025-04-11 15:28:09+00:00,503.0,20.41,23.16,23.31,-4.41,-17.76793,372.0,803,1.0000000000000003e-05,True,REGULAR,USD,call,2025-04-11,2025-04-11
SPY250411C00504000,2025-04-11 15:35:58+00:00,504.0,19.67,22.37,22.54,-4.24,-17.733166,301.0,1334,1.0000000000000003e-05,True,REGULAR,USD,call,2025-04-11,2025-04-11
SPY250411C00505000,2025-04-11 15:33:41+00:00,505.0,19.26,21.34,21.43,-3.1999989,-14.247546,261.0,4741,1.0000000000000003e-05,True,REGULAR,USD,call,2025-04-11,2025-04-11
SPY250411C00506000,2025-04-11 15:43:33+00:00,506.0,19.45,20.3,20.47,-2.1799984,-10.078588,102.0,1948,1.0000000000000003e-05,True,REGULAR,USD,call,2025-04-11,2025-04-11
SPY250411C00507000,2025-04-11 15:08:54+00:00,507.0,17.08,19.41,19.5,-3.1299992,-15.487379,303.0,680,1.0000000000000003e-05,True,REGULAR,USD,call,2025-04-11,2025-04-11
SPY250411C00508000,2025-04-11 15:43:10+00:00,508.0,17.82,18.46,18.62,-1.75,-8.942259,427.0,1323,1.0000000000000003e-05,True,REGULAR,USD,call,2025-04-11,2025-04-11
SPY250411C00509000,2025-04-11 15:46:35+00:00,509.0,16.57,17.57,17.74,-2.3500004,-12.42072,125.0,2406,1.0000000000000003e-05,True,REGULAR,USD,call,2025-04-11,2025-04-11
SPY250411C00510000,2025-04-11 15:50:05+00:00,510.0,16.74,16.64,16.8,-1.460001,-8.035228,466.0,22816,1.0000000000000003e-05,True,REGULAR,USD,call,2025-04-11,2025-04-11
SPY250411C00511000,2025-04-11 15:48:01+00:00,511.0,15.69,15.7,15.84,-1.9800005,-11.205436,194.0,1545,1.0000000000000003e-05,True,REGULAR,USD,call,2025-04-11,2025-04-11
SPY250411C00512000,2025-04-11 15:48:01+00:00,512.0,14.79,14.7,14.84,-2.0899992,-12.381513,237.0,1760,1.0000000000000003e-05,True,REGULAR,USD,call,2025-04-11,2025-04-11
SPY250411C00513000,2025-04-11 15:45:45+00:00,513.0,13.39,13.8,13.94,-2.4299994,-15.3603,283.0,1590,1.0000000000000003e-05,True,REGULAR,USD,call,2025-04-11,2025-04-11
SPY250411C00514000,2025-04-11 15:48:26+00:00,514.0,12.93,12.9,13.05,-2.54,-16.418875,244.0,2218,1.0000000000000003e-05,True,REGULAR,USD,call,2025-04-11,2025-04-11
SPY250411C00515000,2025-04-11 15:49:39+00:00,515.0,12.2,12.04,12.17,-2.5100002,-17.063225,1416.0,4857,1.0000000000000003e-05,True,REGULAR,USD,call,2025-04-11,2025-04-11
SPY250411C00516000,2025-04-11 15:48:54+00:00,516.0,11.25,11.15,11.29,-2.71,-19.412607,552.0,1965,1.0000000000000003e-05,True,REGULAR,USD,call,2025-04-11,2025-04-11
SPY250411C00517000,2025-04-11 15:48:59+00:00,517.0,10.54,10.32,10.44,-2.71,-20.45283,953.0,2206,1.0000000000000003e-05,True,REGULAR,USD,call,2025-04-11,2025-04-11
SPY250411C00518000,2025-04-11 15:48:57+00:00,518.0,9.6,9.51,9.6,-2.96,-23.566877,1913.0,2149,1.0000000000000003e-05,True,REGULAR,USD,call,2025-04-11,2025-04-11
SPY250411C00519000,2025-04-11 15:49:01+00:00,519.0,9.03,8.76,8.87,-2.13,-19.086023,3652.0,2696,1.0000000000000003e-05,True,REGULAR,USD,call,2025-04-11,2025-04-11
SPY250411C00520000,2025-04-11 15:49:39+00:00,520.0,8.0,7.93,8.01,-3.2200003,-28.698753,12600.0,15622,1.0000000000000003e-05,True,REGULAR,USD,call,2025-04-11,2025-04-11
SPY250411C00521000,2025-04-11 15:50:47+00:00,521.0,7.2,7.26,7.34,-3.1500006,-30.172419,12682.0,8312,1.0000000000000003e-05,True,REGULAR,USD,call,2025-04-11,2025-04-11
SPY250411C00522000,2025-04-11 15:49:40+00:00,522.0,6.52,6.47,6.53,-2.9299998,-31.00529,25605.0,4678,0.1538170556640625,True,REGULAR,USD,call,2025-04-11,2025-04-11
SPY250411C00523000,2025-04-11 15:50:02+00:00,523.0,5.87,5.75,5.81,-3.1900005,-35.209717,59287.0,3912,0.1889729541015625,True,REGULAR,USD,call,2025-04-11,2025-04-11
SPY250411C00524000,2025-04-11 15:50:09+00:00,524.0,5.1,5.19,5.23,-3.3700004,-39.787487,43969.0,3155,0.2192460888671875,True,REGULAR,USD,call,2025-04-11,2025-04-11
SPY250411C00525000,2025-04-11 15:50:32+00:00,525.0,4.61,4.58,4.62,-3.37,-42.230576,73173.0,10389,0.2329178271484375,True,REGULAR,USD,call,2025-04-11,2025-04-11
SPY250411C00526000,2025-04-11 15:50:48+00:00,526.0,4.03,4.01,4.05,-3.23,-44.36813,47942.0,4654,0.24292749267578123,True,REGULAR,USD,call,2025-04-11,2025-04-11
SPY250411C00527000,2025-04-11 15:50:27+00:00,527.0,3.53,3.52,3.55,-3.2900002,-48.24047,44813.0,4527,0.2530592272949219,True,REGULAR,USD,call,2025-04-11,2025-04-11
SPY250411C00528000,2025-04-11 15:50:39+00:00,528.0,3.18,3.1,3.11,-3.01,-48.626816,56029.0,4694,0.2629468237304688,True,REGULAR,USD,call,2025-04-11,2025-04-11
SPY250411C00529000,2025-04-11 15:50:09+00:00,529.0,2.61,2.61,2.64,-3.0600002,-53.03293,25418.0,4323,0.26489992919921873,False,REGULAR,USD,call,2025-04-11,2025-04-11
SPY250411C00530000,2025-04-11 15:50:45+00:00,530.0,2.31,2.31,2.34,-2.9500003,-55.765602,102695.0,33096,0.2778392529296875,False,REGULAR,USD,call,2025-04-11,2025-04-11
SPY250411C00531000,2025-04-11 15:50:08+00:00,531.0,1.97,1.97,1.99,-2.8799999,-59.381443,19642.0,3708,0.28162339477539056,False,REGULAR,USD,call,2025-04-11,2025-04-11
SPY250411C00532000,2025-04-11 15:50:32+00:00,532.0,1.72,1.7,1.72,-2.57,-60.046734,22722.0,7046,0.2890696093749999,False,REGULAR,USD,call,2025-04-11,2025-04-11
SPY250411C00533000,2025-04-11 15:50:02+00:00,533.0,1.5,1.48,1.49,-2.41,-61.63683,24153.0,3284,0.2966378930664062,False,REGULAR,USD,call,2025-04-11,2025-04-11
SPY250411C00534000,2025-04-11 15:49:41+00:00,534.0,1.28,1.26,1.28,-2.27,-63.943665,21187.0,4144,0.30298548583984375,False,REGULAR,USD,call,2025-04-11,2025-04-11
SPY250411C00535000,2025-04-11 15:50:16+00:00,535.0,1.07,1.07,1.09,-2.1,-66.037735,69219.0,10341,0.30811238769531246,False,REGULAR,USD,call,2025-04-11,2025-04-11
SPY250411C00536000,2025-04-11 15:50:09+00:00,536.0,0.92,0.91,0.93,-1.9299998,-67.71929,22899.0,3377,0.31372756591796874,False,REGULAR,USD,call,2025-04-11,2025-04-11
SPY250411C00537000,2025-04-11 15:50:31+00:00,537.0,0.8,0.8,0.81,-1.77,-69.140625,18941.0,4281,0.3217841259765625,False,REGULAR,USD,call,2025-04-11,2025-04-11
SPY250411C00538000,2025-04-11 15:49:48+00:00,538.0,0.7,0.68,0.7,-1.5899999,-69.43231,25666.0,3082,0.3286199951171874,False,REGULAR,USD,call,2025-04-11,2025-04-11
SPY250411C00539000,2025-04-11 15:49:30+00:00,539.0,0.62,0.59,0.61,-1.37,-68.84422,17569.0,4239,0.33618827880859375,False,REGULAR,USD,call,2025-04-11,2025-04-11
SPY250411C00540000,2025-04-11 15:50:39+00:00,540.0,0.53,0.51,0.52,-1.22,-69.71429,70806.0,27428,0.3413151806640625,False,REGULAR,USD,call,2025-04-11,2025-04-11
SPY250411C00541000,2025-04-11 15:49:33+00:00,541.0,0.46,0.46,0.47,-1.11,-70.25317,17873.0,3995,0.35205726074218746,False,REGULAR,USD,call,2025-04-11,2025-04-11
SPY250411C00542000,2025-04-11 15:49:56+00:00,542.0,0.41,0.39,0.4,-0.94000006,-69.62963,21259.0,4184,0.3569400244140625,False,REGULAR,USD,call,2025-04-11,2025-04-11
SPY250411C00543000,2025-04-11 15:50:42+00:00,543.0,0.36,0.35,0.36,-0.81999993,-69.49152,22487.0,3025,0.366217275390625,False,REGULAR,USD,call,2025-04-11,2025-04-11
SPY250411C00544000,2025-04-11 15:49:30+00:00,544.0,0.32,0.31,0.32,-0.75000006,-70.09346,19049.0,3191,0.3745179736328125,False,REGULAR,USD,call,2025-04-11,2025-04-11
SPY250411C00545000,2025-04-11 15:50:15+00:00,545.0,0.27,0.27,0.28,-0.64,-70.32967,44018.0,14933,0.38086556640624997,False,REGULAR,USD,call,2025-04-11,2025-04-11
SPY250411C00546000,2025-04-11 15:50:12+00:00,546.0,0.24,0.24,0.25,-0.57,-69.5122,9467.0,5134,0.3891662646484375,False,REGULAR,USD,call,2025-04-11,2025-04-11
SPY250411C00547000,2025-04-11 15:50:06+00:00,547.0,0.21,0.21,0.22,-0.49,-69.014084,11934.0,3427,0.39600213378906257,False,REGULAR,USD,call,2025-04-11,2025-04-11
SPY250411C00548000,2025-04-11 15:49:28+00:00,548.0,0.2,0.19,0.2,-0.45,-70.3125,10248.0,4303,0.405279384765625,False,REGULAR,USD,call,2025-04-11,2025-04-11
SPY250411C00549000,2025-04-11 15:48:40+00:00,549.0,0.17,0.17,0.18,-0.35999995,-66.666664,6170.0,4092,0.41309180664062495,False,REGULAR,USD,call,2025-04-11,2025-04-11
SPY250411C00550000,2025-04-11 15:49:58+00:00,550.0,0.15,0.15,0.16,-0.32,-66.66667,71879.0,38640,0.41992767578125,False,REGULAR,USD,call,2025-04-11,2025-04-11
SPY250411C00551000,2025-04-11 15:48:51+00:00,551.0,0.15,0.14,0.15,-0.29,-65.90909,10113.0,3591,0.43066975585937506,False,REGULAR,USD,call,2025-04-11,2025-04-11
SPY250411C00552000,2025-04-11 15:49:49+00:00,552.0,0.12,0.12,0.13,-0.24000001,-64.86486,7419.0,3009,0.43555251953125,False,REGULAR,USD,call,2025-04-11,2025-04-11
SPY250411C00553000,2025-04-11 15:46:47+00:00,553.0,0.1,0.11,0.12,-0.23000002,-69.696976,4034.0,5126,0.44434149414062496,False,REGULAR,USD,call,2025-04-11,2025-04-11
SPY250411C00554000,2025-04-11 15:49:18+00:00,554.0,0.11,0.1,0.11,-0.16000001,-59.259262,2561.0,2587,0.45313046875,False,REGULAR,USD,call,2025-04-11,2025-04-11
SPY250411C00555000,2025-04-11 15:48:27+00:00,555.0,0.09,0.09,0.1,-0.14999999,-59.999996,11908.0,9124,0.46094289062500005,False,REGULAR,USD,call,2025-04-11,2025-04-11
SPY250411C00556000,2025-04-11 15:43:22+00:00,556.0,0.08,0.08,0.09,-0.11,-57.894737,2555.0,3356,0.46680220703125,False,REGULAR,USD,call,2025-04-11,2025-04-11
SPY250411C00557000,2025-04-11 15:46:41+00:00,557.0,0.08,0.07,0.08,-0.10000001,-58.82353,3698.0,8184,0.4726615234375,False,REGULAR,USD,call,2025-04-11,2025-04-11
SPY250411C00558000,2025-04-11 15:43:21+00:00,558.0,0.07,0.07,0.08,-0.089999996,-56.25,2400.0,2945,0.48633326171875,False,REGULAR,USD,call,2025-04-11,2025-04-11
SPY250411C00559000,2025-04-11 15:47:12+00:00,559.0,0.06,0.05,0.06,-0.06,-54.545456,7688.0,8562,0.4804739453125,False,REGULAR,USD,call,2025-04-11,2025-04-11
SPY250411C00560000,2025-04-11 15:49:12+00:00,560.0,0.06,0.05,0.06,-0.06,-50.0,37755.0,25633,0.49414568359375005,False,REGULAR,USD,call,2025-04-11,2025-04-11
SPY250411C00561000,2025-04-11 15:40:02+00:00,561.0,0.06,0.05,0.06,-0.05,-45.454544,2761.0,8851,0.500005,False,REGULAR,USD,call,2025-04-11,2025-04-11
SPY250411C00562000,2025-04-11 15:48:19+00:00,562.0,0.04,0.04,0.05,-0.060000002,-54.545456,3165.0,2709,0.500005,False,REGULAR,USD,call,2025-04-11,2025-04-11
SPY250411C00562500,2025-04-11 15:42:47+00:00,562.5,0.04,0.04,0.05,-0.060000002,-60.0,3760.0,7084,0.507817421875,False,REGULAR,USD,call,2025-04-11,2025-04-11
SPY250411C00563000,2025-04-11 15:42:24+00:00,563.0,0.04,0.04,0.05,-0.030000001,-42.857143,2035.0,3250,0.5136767382812499,False,REGULAR,USD,call,2025-04-11,2025-04-11
SPY250411C00564000,2025-04-11 15:44:10+00:00,564.0,0.04,0.03,0.04,-0.050000004,-62.5,1228.0,3184,0.5117236328125,False,REGULAR,USD,call,2025-04-11,2025-04-11
SPY250411C00565000,2025-04-11 15:38:43+00:00,565.0,0.03,0.03,0.04,-0.04,-57.142857,5116.0,19718,0.523442265625,False,REGULAR,USD,call,2025-04-11,2025-04-11
SPY250411C00566000,2025-04-11 15:40:49+00:00,566.0,0.03,0.03,0.04,-0.020000001,-40.000004,1309.0,2930,0.5351608984375,False,REGULAR,USD,call,2025-04-11,2025-04-11
SPY250411C00567000,2025-04-11 15:40:59+00:00,567.0,0.03,0.02,0.03,-0.03,-50.0,1545.0,5584,0.5273484765625001,False,REGULAR,USD,call,2025-04-11,2025-04-11
SPY250411C00568000,2025-04-11 15:29:13+00:00,568.0,0.02,0.02,0.03,-0.030000001,-60.0,1254.0,3790,0.5390671093750001,False,REGULAR,USD,call,2025-04-11,2025-04-11
SPY250411C00569000,2025-04-11 15:43:59+00:00,569.0,0.03,0.02,0.03,-0.03,-60.000004,1993.0,3469,0.5468795312500001,False,REGULAR,USD,call,2025-04-11,2025-04-11
SPY250411C00570000,2025-04-11 15:49:35+00:00,570.0,0.03,0.02,0.03,-0.01,-25.0,9633.0,19323,0.5625043750000001,False,REGULAR,USD,call,2025-04-11,2025-04-11
SPY250411C00571000,2025-04-11 15:45:56+00:00,571.0,0.02,0.01,0.02,-0.030000001,-60.0,2465.0,2452,0.5390671093750001,False,REGULAR,USD,call,2025-04-11,2025-04-11
SPY250411C00572000,2025-04-11 15:45:49+00:00,572.0,0.02,0.01,0.02,-0.02,-50.0,1209.0,2551,0.5546919531250001,False,REGULAR,USD,call,2025-04-11,2025-04-11
SPY250411C00573000,2025-04-11 15:35:27+00:00,573.0,0.02,0.01,0.02,-0.02,-66.66667,3664.0,2390,0.5625043750000001,False,REGULAR,USD,call,2025-04-11,2025-04-11
SPY250411C00574000,2025-04-11 15:49:50+00:00,574.0,0.01,0.01,0.02,-0.03,-75.0,1095.0,2938,0.57812921875,False,REGULAR,USD,call,2025-04-11,2025-04-11
SPY250411C00575000,2025-04-11 15:39:20+00:00,575.0,0.01,0.01,0.02,-0.02,-66.66667,2470.0,8540,0.585941640625,False,REGULAR,USD,call,2025-04-11,2025-04-11
SPY250411C00576000,2025-04-11 15:38:29+00:00,576.0,0.02,0.01,0.02,0.0,0.0,679.0,2506,0.5937540625000001,False,REGULAR,USD,call,2025-04-11,2025-04-11
SPY250411C00577000,2025-04-11 15:44:37+00:00,577.0,0.02,0.01,0.02,-0.02,-66.66667,1203.0,3754,0.6093789062500001,False,REGULAR,USD,call,2025-04-11,2025-04-11
SPY250411C00578000,2025-04-11 15:39:50+00:00,578.0,0.02,0.01,0.02,-0.02,-50.0,710.0,3189,0.6171913281250001,False,REGULAR,USD,call,2025-04-11,2025-04-11
SPY250411C00579000,2025-04-11 15:16:13+00:00,579.0,0.01,0.01,0.02,-0.02,-66.66667,572.0,2241,0.6250037500000001,False,REGULAR,USD,call,2025-04-11,2025-04-11
SPY250411C00580000,2025-04-11 15:50:08+00:00,580.0,0.01,0.01,0.02,-0.02,-66.66667,3157.0,11523,0.64062859375,False,REGULAR,USD,call,2025-04-11,2025-04-11
SPY250411C00581000,2025-04-11 15:50:04+00:00,581.0,0.01,0.01,0.02,-0.02,-66.66667,522.0,4155,0.648441015625,False,REGULAR,USD,call,2025-04-11,2025-04-11
SPY250411C00582000,2025-04-11 15:29:28+00:00,582.0,0.01,0.0,0.01,-0.02,-66.66667,739.0,2285,0.5937540625000001,False,REGULAR,USD,call,2025-04-11,2025-04-11
SPY250411C00582500,2025-04-11 15:46:41+00:00,582.5,0.01,0.0,0.01,-0.02,-66.66667,1275.0,1502,0.5937540625000001,False,REGULAR,USD,call,2025-04-11,2025-04-11
SPY250411C00583000,2025-04-11 15:21:06+00:00,583.0,0.01,0.0,0.02,-0.01,-50.0,66.0,1521,0.64062859375,False,REGULAR,USD,call,2025-04-11,2025-04-11
SPY250411C00584000,2025-04-11 13:51:58+00:00,584.0,0.01,0.0,0.01,-0.01,-50.0,49.0,1582,0.6250037500000001,False,REGULAR,USD,call,2025-04-11,2025-04-11
SPY250411C00585000,2025-04-11 15:09:30+00:00,585.0,0.01,0.0,0.01,0.0,0.0,614.0,8599,0.6250037500000001,False,REGULAR,USD,call,2025-04-11,2025-04-11
SPY250411C00586000,2025-04-11 14:58:45+00:00,586.0,0.01,0.0,0.01,0.0,0.0,1484.0,1395,0.64062859375,False,REGULAR,USD,call,2025-04-11,2025-04-11
SPY250411C00587000,2025-04-11 14:52:47+00:00,587.0,0.01,0.0,0.01,-0.02,-66.66667,981.0,1411,0.6562534375000001,False,REGULAR,USD,call,2025-04-11,2025-04-11
SPY250411C00587500,2025-04-11 15:05:27+00:00,587.5,0.01,0.0,0.01,-0.02,-66.66667,265.0,2366,0.6562534375000001,False,REGULAR,USD,call,2025-04-11,2025-04-11
SPY250411C00588000,2025-04-11 14:21:51+00:00,588.0,0.01,0.0,0.01,-0.02,-66.66667,635.0,3463,0.6562534375000001,False,REGULAR,USD,call,2025-04-11,2025-04-11
SPY250411C00589000,2025-04-11 14:12:01+00:00,589.0,0.01,0.0,0.01,-0.01,-50.0,692.0,2549,0.6562534375000001,False,REGULAR,USD,call,2025-04-11,2025-04-11
SPY250411C00590000,2025-04-11 15:22:20+00:00,590.0,0.01,0.0,0.01,-0.01,-50.0,117.0,6573,0.6718782812500002,False,REGULAR,USD,call,2025-04-11,2025-04-11
SPY250411C00591000,2025-04-11 14:07:40+00:00,591.0,0.01,0.0,0.01,-0.01,-50.0,182.0,4793,0.6875031250000001,False,REGULAR,USD,call,2025-04-11,2025-04-11
SPY250411C00592000,2025-04-11 13:41:39+00:00,592.0,0.01,0.0,0.01,0.0,0.0,25.0,2728,0.6875031250000001,False,REGULAR,USD,call,2025-04-11,2025-04-11
SPY250411C00592500,2025-04-11 13:30:00+00:00,592.5,0.01,0.0,0.01,-0.03,-75.0,61.0,1671,0.70312796875,False,REGULAR,USD,call,2025-04-11,2025-04-11
SPY250411C00593000,2025-04-11 13:31:58+00:00,593.0,0.01,0.0,0.01,-0.01,-50.0,31.0,1858,0.70312796875,False,REGULAR,USD,call,2025-04-11,2025-04-11
SPY250411C00594000,2025-04-11 13:30:07+00:00,594.0,0.01,0.0,0.01,-0.01,-50.0,9.0,1625,0.7187528125,False,REGULAR,USD,call,2025-04-11,2025-04-11
SPY250411C00595000,2025-04-11 14:34:34+00:00,595.0,0.01,0.0,0.01,-0.01,-50.0,11.0,6183,0.7187528125,False,REGULAR,USD,call,2025-04-11,2025-04-11
SPY250411C00596000,2025-04-11 13:39:01+00:00,596.0,0.01,0.0,0.01,0.0,0.0,3.0,1186,0.73437765625,False,REGULAR,USD,call,2025-04-11,2025-04-11
SPY250411C00597000,2025-04-10 19:59:37+00:00,597.0,0.01,0.0,0.01,-0.02,-66.66667,1.0,2122,0.7500025,False,REGULAR,USD,call,2025-04-11,2025-04-11
SPY250411C00597500,2025-04-11 13:30:01+00:00,597.5,0.01,0.0,0.01,-0.02,-66.66667,1.0,839,0.7500025,False,REGULAR,USD,call,2025-04-11,2025-04-11
SPY250411C00598000,2025-04-10 19:24:26+00:00,598.0,0.01,0.0,0.01,0.0,0.0,1.0,1576,0.7500025,False,REGULAR,USD,call,2025-04-11,2025-04-11
SPY250411C00599000,2025-04-11 13:58:51+00:00,599.0,0.01,0.0,0.01,0.0,0.0,100.0,1087,0.7500025,False,REGULAR,USD,call,2025-04-11,2025-04-11
SPY250411C00600000,2025-04-11 15:09:41+00:00,600.0,0.01,0.0,0.01,0.0,0.0,877.0,18971,0.7812521875,False,REGULAR,USD,call,2025-04-11,2025-04-11
SPY250411C00601000,2025-04-10 20:09:11+00:00,601.0,0.01,0.0,0.01,0.0,0.0,50.0,3248,0.7812521875,False,REGULAR,USD,call,2025-04-11,2025-04-11
SPY250411C00602000,2025-04-10 20:08:01+00:00,602.0,0.01,0.0,0.01,0.0,0.0,62.0,2630,0.7812521875,False,REGULAR,USD,call,2025-04-11,2025-04-11
SPY250411C00602500,2025-04-10 19:50:26+00:00,602.5,0.01,0.0,0.01,0.0,0.0,124.0,427,0.7812521875,False,REGULAR,USD,call,2025-04-11,2025-04-11
SPY250411C00603000,2025-04-11 13:49:54+00:00,603.0,0.01,0.0,0.01,-0.01,-50.0,101.0,1108,0.79687703125,False,REGULAR,USD,call,2025-04-11,2025-04-11
SPY250411C00604000,2025-04-10 20:04:14+00:00,604.0,0.01,0.0,0.01,0.0,0.0,702.0,1059,0.8125018749999999,False,REGULAR,USD,call,2025-04-11,2025-04-11
SPY250411C00605000,2025-04-10 19:34:32+00:00,605.0,0.02,0.0,0.01,0.0,0.0,251.0,4614,0.8125018749999999,False,REGULAR,USD,call,2025-04-11,2025-04-11
SPY250411C00606000,2025-04-10 18:04:53+00:00,606.0,0.02,0.0,0.01,0.0,0.0,92.0,709,0.8125018749999999,False,REGULAR,USD,call,2025-04-11,2025-04-11
SPY250411C00607000,2025-04-10 19:18:50+00:00,607.0,0.02,0.0,0.01,0.0,0.0,10.0,1241,0.8437515624999999,False,REGULAR,USD,call,2025-04-11,2025-04-11
SPY250411C00608000,2025-04-10 19:34:13+00:00,608.0,0.02,0.0,0.01,0.0,0.0,6.0,1236,0.8437515624999999,False,REGULAR,USD,call,2025-04-11,2025-04-11
SPY250411C00609000,2025-04-10 19:34:00+00:00,609.0,0.01,0.0,0.01,0.0,0.0,26.0,190,0.8437515624999999,False,REGULAR,USD,call,2025-04-11,2025-04-11
SPY250411C00610000,2025-04-10 19:33:21+00:00,610.0,0.01,0.0,0.01,0.0,0.0,2.0,4122,0.85937640625,False,REGULAR,USD,call,2025-04-11,2025-04-11
SPY250411C00611000,2025-04-10 19:33:07+00:00,611.0,0.01,0.0,0.01,0.0,0.0,8.0,1280,0.87500125,False,REGULAR,USD,call,2025-04-11,2025-04-11
SPY250411C00612000,2025-04-10 16:32:11+00:00,612.0,0.03,0.0,0.01,0.0,0.0,28.0,734,0.87500125,False,REGULAR,USD,call,2025-04-11,2025-04-11
SPY250411C00613000,2025-04-09 19:49:18+00:00,613.0,0.04,0.0,0.01,0.0,0.0,201.0,391,0.87500125,False,REGULAR,USD,call,2025-04-11,2025-04-11
SPY250411C00614000,2025-04-10 14:20:14+00:00,614.0,0.01,0.0,0.01,0.0,0.0,17.0,463,0.9062509375,False,REGULAR,USD,call,2025-04-11,2025-04-11
SPY250411C00615000,2025-04-11 13:37:09+00:00,615.0,0.01,0.0,0.01,0.0,0.0,2.0,6469,0.9062509375,False,REGULAR,USD,call,2025-04-11,2025-04-11
SPY250411C00616000,2025-04-10 16:10:12+00:00,616.0,0.02,0.0,0.01,0.0,0.0,12.0,6278,0.9062509375,False,REGULAR,USD,call,2025-04-11,2025-04-11
SPY250411C00617000,2025-04-10 16:13:47+00:00,617.0,0.01,0.0,0.01,-0.01,-50.0,100.0,812,0.92187578125,False,REGULAR,USD,call,2025-04-11,2025-04-11
SPY250411C00618000,2025-04-10 19:58:12+00:00,618.0,0.02,0.0,0.01,0.0,0.0,373.0,200,0.937500625,False,REGULAR,USD,call,2025-04-11,2025-04-11
SPY250411C00619000,2025-04-10 20:03:19+00:00,619.0,0.01,0.0,0.01,0.0,0.0,11.0,183,0.937500625,False,REGULAR,USD,call,2025-04-11,2025-04-11
SPY250411C00620000,2025-04-10 20:04:22+00:00,620.0,0.01,0.0,0.01,0.0,0.0,87.0,5883,0.937500625,False,REGULAR,USD,call,2025-04-11,2025-04-11
SPY250411C00621000,2025-04-10 16:42:02+00:00,621.0,0.02,0.0,0.01,0.0,0.0,10.0,416,0.9687503125,False,REGULAR,USD,call,2025-04-11,2025-04-11
SPY250411C00622000,2025-04-10 16:25:55+00:00,622.0,0.02,0.0,0.01,0.0,0.0,21.0,252,0.9687503125,False,REGULAR,USD,call,2025-04-11,2025-04-11
SPY250411C00623000,2025-04-10 16:42:53+00:00,623.0,0.01,0.0,0.01,0.0,0.0,1.0,428,0.9687503125,False,REGULAR,USD,call,2025-04-11,2025-04-11
SPY250411C00624000,2025-04-10 17:05:16+00:00,624.0,0.01,0.0,0.01,0.0,0.0,7.0,1657,0.9687503125,False,REGULAR,USD,call,2025-04-11,2025-04-11
SPY250411C00625000,2025-04-10 16:33:21+00:00,625.0,0.03,0.0,0.01,0.0,0.0,38.0,5441,0.98437515625,False,REGULAR,USD,call,2025-04-11,2025-04-11
SPY250411C00626000,2025-04-10 16:46:12+00:00,626.0,0.01,0.0,0.01,0.0,0.0,1.0,603,1.000005,False,REGULAR,USD,call,2025-04-11,2025-04-11
SPY250411C00627000,2025-04-10 16:46:55+00:00,627.0,0.02,0.0,0.01,0.0,0.0,250.0,313,1.000005,False,REGULAR,USD,call,2025-04-11,2025-04-11
SPY250411C00628000,2025-04-10 16:56:50+00:00,628.0,0.03,0.0,0.01,0.0,0.0,438.0,2717,1.0312548437500002,False,REGULAR,USD,call,2025-04-11,2025-04-11
SPY250411C00629000,2025-04-10 17:33:06+00:00,629.0,0.02,0.0,0.01,0.0,0.0,55.0,1175,1.0312548437500002,False,REGULAR,USD,call,2025-04-11,2025-04-11
SPY250411C00630000,2025-04-11 13:56:04+00:00,630.0,0.01,0.0,0.01,-0.01,-50.0,127.0,683,1.0312548437500002,False,REGULAR,USD,call,2025-04-11,2025-04-11
SPY250411C00635000,2025-04-10 13:54:47+00:00,635.0,0.01,0.0,0.01,0.0,0.0,6.0,1259,1.0625046875000002,False,REGULAR,USD,call,2025-04-11,2025-04-11
SPY250411C00640000,2025-04-11 13:30:00+00:00,640.0,0.01,0.0,0.01,0.0,0.0,2.0,4968,1.125004375,False,REGULAR,USD,call,2025-04-11,2025-04-11
SPY250411C00645000,2025-04-10 19:46:53+00:00,645.0,0.01,0.0,0.01,0.0,0.0,375.0,4211,1.15625421875,False,REGULAR,USD,call,2025-04-11,2025-04-11
SPY250411C00650000,2025-04-10 19:14:05+00:00,650.0,0.01,0.0,0.01,0.0,0.0,4.0,4496,1.1875040625,False,REGULAR,USD,call,2025-04-11,2025-04-11
SPY250411C00655000,2025-04-10 16:19:34+00:00,655.0,0.01,0.0,0.01,0.0,0.0,937.0,7572,1.2500037499999999,False,REGULAR,USD,call,2025-04-11,2025-04-11
SPY250411C00660000,2025-04-10 17:46:54+00:00,660.0,0.01,0.0,0.01,0.0,0.0,114.0,3909,1.2812535937499998,False,REGULAR,USD,call,2025-04-11,2025-04-11
SPY250411C00665000,2025-04-10 18:23:36+00:00,665.0,0.01,0.0,0.01,0.0,0.0,729.0,7409,1.3125034374999998,False,REGULAR,USD,call,2025-04-11,2025-04-11
SPY250411C00670000,2025-04-09 17:22:05+00:00,670.0,0.01,0.0,0.01,0.0,0.0,2310.0,3040,1.3750031249999999,False,REGULAR,USD,call,2025-04-11,2025-04-11
SPY250411C00675000,2025-04-09 17:22:05+00:00,675.0,0.01,0.0,0.01,0.0,0.0,1680.0,1931,1.40625296875,False,REGULAR,USD,call,2025-04-11,2025-04-11
SPY250411C00680000,2025-04-10 13:30:00+00:00,680.0,0.02,0.0,0.01,0.0,0.0,4.0,2502,1.4375028125,False,REGULAR,USD,call,2025-04-11,2025-04-11
SPY250411C00685000,2025-04-10 16:46:31+00:00,685.0,0.01,0.0,0.01,0.0,0.0,1.0,3667,1.5000025,False,REGULAR,USD,call,2025-04-11,2025-04-11
SPY250411C00690000,2025-04-09 17:22:06+00:00,690.0,0.01,0.0,0.01,0.0,0.0,1680.0,3201,1.5000025,False,REGULAR,USD,call,2025-04-11,2025-04-11
SPY250411C00700000,2025-04-10 19:45:39+00:00,700.0,0.01,0.0,0.01,0.0,0.0,20.0,3463,1.5937520312499998,False,REGULAR,USD,call,2025-04-11,2025-04-11
SPY250411P00375000,2025-04-11 13:30:00+00:00,375.0,0.01,0.0,0.01,0.0,0.0,10.0,10482,1.9375003125,False,REGULAR,USD,put,2025-04-11,2025-04-11
SPY250411P00380000,2025-04-10 17:44:04+00:00,380.0,0.01,0.0,0.01,0.0,0.0,1268.0,1963,1.875000625,False,REGULAR,USD,put,2025-04-11,2025-04-11
SPY250411P00385000,2025-04-10 19:04:49+00:00,385.0,0.01,0.0,0.01,0.0,0.0,73.0,1596,1.8125009374999999,False,REGULAR,USD,put,2025-04-11,2025-04-11
SPY250411P00390000,2025-04-10 19:44:48+00:00,390.0,0.01,0.0,0.01,0.0,0.0,610.0,2085,1.75000125,False,REGULAR,USD,put,2025-04-11,2025-04-11
SPY250411P00395000,2025-04-10 19:36:07+00:00,395.0,0.01,0.0,0.01,0.0,0.0,6.0,3642,1.6875015625,False,REGULAR,USD,put,2025-04-11,2025-04-11
SPY250411P00400000,2025-04-11 14:44:27+00:00,400.0,0.01,0.0,0.01,0.0,0.0,105.0,9003,1.625001875,False,REGULAR,USD,put,2025-04-11,2025-04-11
SPY250411P00405000,2025-04-10 19:08:26+00:00,405.0,0.01,0.0,0.01,0.0,0.0,407.0,1817,1.5625021874999998,False,REGULAR,USD,put,2025-04-11,2025-04-11
SPY250411P00410000,2025-04-11 13:30:01+00:00,410.0,0.01,0.0,0.01,0.0,0.0,289.0,53947,1.46875265625,False,REGULAR,USD,put,2025-04-11,2025-04-11
SPY250411P00415000,2025-04-10 19:58:08+00:00,415.0,0.01,0.0,0.01,0.0,0.0,1101.0,1129,1.40625296875,False,REGULAR,USD,put,2025-04-11,2025-04-11
SPY250411P00420000,2025-04-11 13:52:26+00:00,420.0,0.01,0.0,0.01,0.0,0.0,112.0,5306,1.3437532812499997,False,REGULAR,USD,put,2025-04-11,2025-04-11
SPY250411P00425000,2025-04-11 14:02:51+00:00,425.0,0.01,0.0,0.01,0.0,0.0,46.0,3611,1.2812535937499998,False,REGULAR,USD,put,2025-04-11,2025-04-11
SPY250411P00430000,2025-04-11 15:20:33+00:00,430.0,0.01,0.0,0.01,0.0,0.0,130.0,5284,1.21875390625,False,REGULAR,USD,put,2025-04-11,2025-04-11
SPY250411P00435000,2025-04-11 14:41:05+00:00,435.0,0.01,0.0,0.01,-0.02,-66.66667,472.0,3214,1.15625421875,False,REGULAR,USD,put,2025-04-11,2025-04-11
SPY250411P00440000,2025-04-11 15:34:12+00:00,440.0,0.01,0.0,0.01,-0.01,-50.0,407.0,7642,1.09375453125,False,REGULAR,USD,put,2025-04-11,2025-04-11
SPY250411P00445000,2025-04-11 15:26:48+00:00,445.0,0.01,0.0,0.01,-0.02,-66.66667,4374.0,104675,1.0312548437500002,False,REGULAR,USD,put,2025-04-11,2025-04-11
SPY250411P00450000,2025-04-11 15:30:16+00:00,450.0,0.01,0.0,0.01,-0.04,-80.00001,4398.0,17279,0.9687503125,False,REGULAR,USD,put,2025-04-11,2025-04-11
SPY250411P00455000,2025-04-11 15:43:38+00:00,455.0,0.01,0.01,0.02,-0.049999997,-83.333336,4473.0,7240,0.992187578125,False,REGULAR,USD,put,2025-04-11,2025-04-11
SPY250411P00460000,2025-04-11 15:47:31+00:00,460.0,0.02,0.01,0.02,-0.08,-88.88889,2933.0,7804,0.92187578125,False,REGULAR,USD,put,2025-04-11,2025-04-11
SPY250411P00465000,2025-04-11 15:40:52+00:00,465.0,0.02,0.01,0.02,-0.11,-84.61539,2092.0,13822,0.85937640625,False,REGULAR,USD,put,2025-04-11,2025-04-11
SPY250411P00469000,2025-04-11 15:40:04+00:00,469.0,0.02,0.01,0.02,-0.15,-88.2353,2708.0,4388,0.8125018749999999,False,REGULAR,USD,put,2025-04-11,2025-04-11
SPY250411P00470000,2025-04-11 15:47:15+00:00,470.0,0.02,0.02,0.03,-0.15,-88.2353,6512.0,13747,0.8359391406249999,False,REGULAR,USD,put,2025-04-11,2025-04-11
SPY250411P00471000,2025-04-11 15:49:48+00:00,471.0,0.02,0.02,0.03,-0.17,-85.0,2322.0,1948,0.8203142968749999,False,REGULAR,USD,put,2025-04-11,2025-04-11
SPY250411P00472000,2025-04-11 15:44:53+00:00,472.0,0.03,0.02,0.03,-0.17,-85.0,3613.0,1640,0.8085956640624999,False,REGULAR,USD,put,2025-04-11,2025-04-11
SPY250411P00473000,2025-04-11 15:45:50+00:00,473.0,0.03,0.02,0.03,-0.19,-86.36364,4364.0,2191,0.79687703125,False,REGULAR,USD,put,2025-04-11,2025-04-11
SPY250411P00474000,2025-04-11 15:46:20+00:00,474.0,0.03,0.02,0.03,-0.17,-85.0,1237.0,1336,0.7812521875,False,REGULAR,USD,put,2025-04-11,2025-04-11
SPY250411P00475000,2025-04-11 15:47:31+00:00,475.0,0.03,0.03,0.04,-0.22,-88.0,7231.0,17909,0.79687703125,False,REGULAR,USD,put,2025-04-11,2025-04-11
SPY250411P00476000,2025-04-11 15:46:15+00:00,476.0,0.04,0.03,0.04,-0.21000001,-87.5,3434.0,1999,0.7812521875,False,REGULAR,USD,put,2025-04-11,2025-04-11
SPY250411P00477000,2025-04-11 15:48:01+00:00,477.0,0.04,0.04,0.05,-0.24000001,-88.888885,17977.0,6386,0.789064609375,False,REGULAR,USD,put,2025-04-11,2025-04-11
SPY250411P00478000,2025-04-11 15:48:31+00:00,478.0,0.04,0.03,0.04,-0.25,-86.2069,10647.0,1547,0.7539087109375,False,REGULAR,USD,put,2025-04-11,2025-04-11
SPY250411P00479000,2025-04-11 15:50:36+00:00,479.0,0.05,0.04,0.05,-0.25,-86.2069,8330.0,6582,0.7617211328125001,False,REGULAR,USD,put,2025-04-11,2025-04-11
SPY250411P00480000,2025-04-11 15:49:01+00:00,480.0,0.05,0.05,0.06,-0.25,-83.33333,13118.0,83870,0.7656273437500001,False,REGULAR,USD,put,2025-04-11,2025-04-11
SPY250411P00481000,2025-04-11 15:48:56+00:00,481.0,0.05,0.05,0.06,-0.26999998,-81.818184,5498.0,1274,0.7500025,False,REGULAR,USD,put,2025-04-11,2025-04-11
SPY250411P00482000,2025-04-11 15:49:21+00:00,482.0,0.06,0.05,0.06,-0.32,-84.210526,6652.0,6733,0.73437765625,False,REGULAR,USD,put,2025-04-11,2025-04-11
SPY250411P00483000,2025-04-11 15:42:33+00:00,483.0,0.07,0.06,0.07,-0.31,-81.57895,8875.0,4880,0.73633076171875,False,REGULAR,USD,put,2025-04-11,2025-04-11
SPY250411P00484000,2025-04-11 15:45:57+00:00,484.0,0.07,0.05,0.06,-0.32,-82.051285,3649.0,2824,0.7070341796875,False,REGULAR,USD,put,2025-04-11,2025-04-11
SPY250411P00485000,2025-04-11 15:48:44+00:00,485.0,0.08,0.07,0.08,-0.32,-82.051285,13248.0,29716,0.7187528125,False,REGULAR,USD,put,2025-04-11,2025-04-11
SPY250411P00486000,2025-04-11 15:46:54+00:00,486.0,0.08,0.07,0.08,-0.35000002,-81.395355,3369.0,2530,0.7050810742187501,False,REGULAR,USD,put,2025-04-11,2025-04-11
SPY250411P00487000,2025-04-11 15:46:46+00:00,487.0,0.09,0.07,0.08,-0.39,-81.25,1969.0,4063,0.6894562304687502,False,REGULAR,USD,put,2025-04-11,2025-04-11
SPY250411P00488000,2025-04-11 15:49:06+00:00,488.0,0.09,0.08,0.09,-0.39,-81.25,7489.0,3364,0.68555001953125,False,REGULAR,USD,put,2025-04-11,2025-04-11
SPY250411P00489000,2025-04-11 15:48:56+00:00,489.0,0.09,0.1,0.11,-0.42999998,-81.13207,6186.0,3167,0.6914093359375001,False,REGULAR,USD,put,2025-04-11,2025-04-11
SPY250411P00490000,2025-04-11 15:50:35+00:00,490.0,0.1,0.1,0.11,-0.44000003,-80.00001,27884.0,53757,0.6748079394531252,False,REGULAR,USD,put,2025-04-11,2025-04-11
SPY250411P00491000,2025-04-11 15:48:54+00:00,491.0,0.12,0.11,0.12,-0.45,-78.94737,8761.0,3082,0.6679720703125002,False,REGULAR,USD,put,2025-04-11,2025-04-11
SPY250411P00492000,2025-04-11 15:50:23+00:00,492.0,0.11,0.11,0.12,-0.51,-82.258064,5406.0,2482,0.6523472265625001,False,REGULAR,USD,put,2025-04-11,2025-04-11
SPY250411P00493000,2025-04-11 15:49:50+00:00,493.0,0.13,0.12,0.13,-0.53000003,-80.30303,4714.0,3609,0.6445348046875,False,REGULAR,USD,put,2025-04-11,2025-04-11
SPY250411P00494000,2025-04-11 15:48:51+00:00,494.0,0.16,0.14,0.15,-0.53,-76.81159,5746.0,2005,0.6425816992187501,False,REGULAR,USD,put,2025-04-11,2025-04-11
SPY250411P00495000,2025-04-11 15:48:43+00:00,495.0,0.17,0.15,0.16,-0.55,-76.388885,11868.0,30198,0.632816171875,False,REGULAR,USD,put,2025-04-11,2025-04-11
SPY250411P00496000,2025-04-11 15:49:30+00:00,496.0,0.18,0.17,0.18,-0.54,-75.0,8592.0,2443,0.6289099609375001,False,REGULAR,USD,put,2025-04-11,2025-04-11
SPY250411P00497000,2025-04-11 15:50:16+00:00,497.0,0.19,0.19,0.2,-0.64,-76.190475,8194.0,2504,0.62305064453125,False,REGULAR,USD,put,2025-04-11,2025-04-11
SPY250411P00498000,2025-04-11 15:50:20+00:00,498.0,0.2,0.21,0.22,-0.66,-76.74419,111484.0,5827,0.6162147753906251,False,REGULAR,USD,put,2025-04-11,2025-04-11
SPY250411P00499000,2025-04-11 15:50:49+00:00,499.0,0.24,0.22,0.23,-0.69,-75.0,11937.0,3447,0.6035195898437502,False,REGULAR,USD,put,2025-04-11,2025-04-11
SPY250411P00500000,2025-04-11 15:50:20+00:00,500.0,0.26,0.25,0.26,-0.74,-74.0,99521.0,27671,0.6001016552734376,False,REGULAR,USD,put,2025-04-11,2025-04-11
SPY250411P00501000,2025-04-11 15:49:58+00:00,501.0,0.29,0.28,0.29,-0.75,-72.11539,115414.0,1769,0.594730615234375,False,REGULAR,USD,put,2025-04-11,2025-04-11
SPY250411P00502000,2025-04-11 15:50:48+00:00,502.0,0.31,0.31,0.32,-0.83,-72.80702,11278.0,2952,0.58789474609375,False,REGULAR,USD,put,2025-04-11,2025-04-11
SPY250411P00503000,2025-04-11 15:50:09+00:00,503.0,0.35,0.35,0.36,-0.87,-71.31147,10964.0,2127,0.5839885351562499,False,REGULAR,USD,put,2025-04-11,2025-04-11
SPY250411P00504000,2025-04-11 15:50:24+00:00,504.0,0.39,0.36,0.37,-0.94000006,-70.6767,14505.0,2810,0.56836369140625,False,REGULAR,USD,put,2025-04-11,2025-04-11
SPY250411P00505000,2025-04-11 15:50:27+00:00,505.0,0.43,0.42,0.43,-0.97999996,-69.99999,38497.0,7850,0.5678754150390625,False,REGULAR,USD,put,2025-04-11,2025-04-11
SPY250411P00506000,2025-04-11 15:49:51+00:00,506.0,0.48,0.47,0.48,-1.0699999,-69.480515,12000.0,3246,0.5625043750000001,False,REGULAR,USD,put,2025-04-11,2025-04-11
SPY250411P00507000,2025-04-11 15:50:26+00:00,507.0,0.52,0.52,0.53,-1.13,-68.48485,12905.0,2470,0.5556685058593751,False,REGULAR,USD,put,2025-04-11,2025-04-11
SPY250411P00508000,2025-04-11 15:50:39+00:00,508.0,0.56,0.56,0.57,-1.24,-68.88889,14983.0,2736,0.5449264257812501,False,REGULAR,USD,put,2025-04-11,2025-04-11
SPY250411P00509000,2025-04-11 15:50:22+00:00,509.0,0.64,0.64,0.65,-1.32,-67.69231,15049.0,4029,0.5424850439453126,False,REGULAR,USD,put,2025-04-11,2025-04-11
SPY250411P00510000,2025-04-11 15:50:37+00:00,510.0,0.69,0.68,0.69,-1.4199998,-67.29858,73754.0,68149,0.5297898583984376,False,REGULAR,USD,put,2025-04-11,2025-04-11
SPY250411P00511000,2025-04-11 15:50:01+00:00,511.0,0.78,0.76,0.78,-1.52,-66.08696,13495.0,2942,0.5249070947265625,False,REGULAR,USD,put,2025-04-11,2025-04-11
SPY250411P00512000,2025-04-11 15:50:14+00:00,512.0,0.87,0.86,0.87,-1.61,-64.91936,15506.0,2764,0.5202684692382812,False,REGULAR,USD,put,2025-04-11,2025-04-11
SPY250411P00513000,2025-04-11 15:50:47+00:00,513.0,0.98,0.95,0.97,-1.5699999,-61.811024,18845.0,2550,0.5136767382812499,False,REGULAR,USD,put,2025-04-11,2025-04-11
SPY250411P00514000,2025-04-11 15:49:31+00:00,514.0,1.06,1.07,1.08,-1.77,-62.54417,21401.0,3262,0.508793974609375,False,REGULAR,USD,put,2025-04-11,2025-04-11
SPY250411P00515000,2025-04-11 15:50:28+00:00,515.0,1.19,1.19,1.2,-1.8599999,-60.78431,66926.0,47042,0.5026905200195313,False,REGULAR,USD,put,2025-04-11,2025-04-11
SPY250411P00516000,2025-04-11 15:50:32+00:00,516.0,1.33,1.29,1.32,-1.9799999,-59.81873,18889.0,2656,0.49561051269531253,False,REGULAR,USD,put,2025-04-11,2025-04-11
SPY250411P00517000,2025-04-11 15:50:39+00:00,517.0,1.44,1.46,1.48,-2.1599998,-59.999996,21666.0,1706,0.49121602539062503,False,REGULAR,USD,put,2025-04-11,2025-04-11
SPY250411P00518000,2025-04-11 15:50:24+00:00,518.0,1.69,1.64,1.66,-2.1499999,-55.989582,33795.0,5165,0.4870656762695313,False,REGULAR,USD,put,2025-04-11,2025-04-11
SPY250411P00519000,2025-04-11 15:50:39+00:00,519.0,1.8,1.85,1.86,-2.34,-56.521736,25798.0,3031,0.48340360351562506,False,REGULAR,USD,put,2025-04-11,2025-04-11
SPY250411P00520000,2025-04-11 15:50:43+00:00,520.0,2.05,2.05,2.06,-2.4399998,-54.58613,96109.0,18708,0.4771780798339844,False,REGULAR,USD,put,2025-04-11,2025-04-11
SPY250411P00521000,2025-04-11 15:50:39+00:00,521.0,2.24,2.22,2.24,-2.64,-54.09836,55918.0,2351,0.46680220703125,False,REGULAR,USD,put,2025-04-11,2025-04-11
SPY250411P00522000,2025-04-11 15:50:26+00:00,522.0,2.61,2.58,2.61,-2.5200002,-49.12281,55957.0,2711,0.47400428344726564,False,REGULAR,USD,put,2025-04-11,2025-04-11
SPY250411P00523000,2025-04-11 15:50:05+00:00,523.0,2.9,2.91,2.92,-2.5699997,-46.983543,47847.0,3051,0.4720511779785156,False,REGULAR,USD,put,2025-04-11,2025-04-11
SPY250411P00524000,2025-04-11 15:50:43+00:00,524.0,3.24,3.24,3.27,-2.6299999,-45.26678,62381.0,3187,0.4714408325195312,False,REGULAR,USD,put,2025-04-11,2025-04-11
SPY250411P00525000,2025-04-11 15:50:38+00:00,525.0,3.6,3.58,3.6,-2.6100001,-42.028984,53643.0,24071,0.4660697924804688,False,REGULAR,USD,put,2025-04-11,2025-04-11
SPY250411P00526000,2025-04-11 15:50:39+00:00,526.0,4.0,4.08,4.11,-2.7600002,-40.23324,22649.0,1831,0.47485876708984376,False,REGULAR,USD,put,2025-04-11,2025-04-11
SPY250411P00527000,2025-04-11 15:50:21+00:00,527.0,4.72,4.6,4.64,-2.7800002,-37.06667,17243.0,1658,0.48242705078125003,False,REGULAR,USD,put,2025-04-11,2025-04-11
SPY250411P00528000,2025-04-11 15:50:12+00:00,528.0,5.27,5.16,5.21,-2.6399999,-33.375473,10276.0,2350,0.4907277490234375,False,REGULAR,USD,put,2025-04-11,2025-04-11
SPY250411P00529000,2025-04-11 15:48:39+00:00,529.0,5.8,5.79,5.84,-2.6499996,-31.360945,3778.0,1697,0.5018360363769532,True,REGULAR,USD,put,2025-04-11,2025-04-11
SPY250411P00530000,2025-04-11 15:49:48+00:00,530.0,6.44,6.37,6.44,-2.1600003,-25.116282,6057.0,49399,0.5043994873046875,True,REGULAR,USD,put,2025-04-11,2025-04-11
SPY250411P00531000,2025-04-11 15:40:14+00:00,531.0,7.55,6.99,7.11,-2.29,-23.272358,2158.0,1998,0.5117236328125,True,REGULAR,USD,put,2025-04-11,2025-04-11
SPY250411P00532000,2025-04-11 15:49:27+00:00,532.0,7.65,7.8,7.9,-2.4500003,-24.257427,1545.0,2702,0.5312546875,True,REGULAR,USD,put,2025-04-11,2025-04-11
SPY250411P00533000,2025-04-11 15:49:28+00:00,533.0,8.4,8.52,8.64,-2.1600008,-20.454552,716.0,1432,0.5422409057617189,True,REGULAR,USD,put,2025-04-11,2025-04-11
SPY250411P00534000,2025-04-11 15:38:47+00:00,534.0,9.8,9.19,9.32,-1.0999994,-10.091738,737.0,2001,0.5457809094238282,True,REGULAR,USD,put,2025-04-11,2025-04-11
SPY250411P00535000,2025-04-11 15:47:13+00:00,535.0,10.35,10.07,10.21,-1.7799997,-14.674358,1533.0,7140,0.5678754150390625,True,REGULAR,USD,put,2025-04-11,2025-04-11
SPY250411P00536000,2025-04-11 15:47:52+00:00,536.0,11.16,10.95,11.1,-1.5900002,-12.47059,802.0,1428,0.5886271606445312,True,REGULAR,USD,put,2025-04-11,2025-04-11
SPY250411P00537000,2025-04-11 15:27:47+00:00,537.0,14.8,11.95,12.1,0.9300003,6.705121,178.0,8232,0.6198768481445314,True,REGULAR,USD,put,2025-04-11,2025-04-11
SPY250411P00538000,2025-04-11 15:25:58+00:00,538.0,16.36,12.56,12.71,2.040001,14.245817,111.0,2227,0.6098671826171876,True,REGULAR,USD,put,2025-04-11,2025-04-11
SPY250411P00539000,2025-04-11 15:17:24+00:00,539.0,17.91,13.4,13.58,3.04,20.443848,311.0,1861,0.6235389208984375,True,REGULAR,USD,put,2025-04-11,2025-04-11
SPY250411P00540000,2025-04-11 15:47:40+00:00,540.0,15.0,14.5,14.67,-0.6700001,-4.2756863,589.0,19258,0.6623568920898439,True,REGULAR,USD,put,2025-04-11,2025-04-11
SPY250411P00541000,2025-04-11 15:42:43+00:00,541.0,16.53,15.49,15.64,-0.17000008,-1.0179645,151.0,1481,0.6882355395507813,True,REGULAR,USD,put,2025-04-11,2025-04-11
SPY250411P00542000,2025-04-11 15:45:11+00:00,542.0,17.0,16.35,16.51,-1.0900002,-6.0254292,132.0,3827,0.7006865869140625,True,REGULAR,USD,put,2025-04-11,2025-04-11
SPY250411P00543000,2025-04-11 15:49:28+00:00,543.0,17.23,17.36,17.52,-0.8199997,-4.542935,50.0,1438,0.7287624780273438,True,REGULAR,USD,put,2025-04-11,2025-04-11
SPY250411P00544000,2025-04-11 15:41:01+00:00,544.0,19.45,18.19,18.36,-0.01999855,-0.102714695,65.0,1405,0.7358424853515625,True,REGULAR,USD,put,2025-04-11,2025-04-11
SPY250411P00545000,2025-04-11 15:44:40+00:00,545.0,20.06,19.37,19.53,0.289999,1.466864,377.0,5664,0.7827170166015626,True,REGULAR,USD,put,2025-04-11,2025-04-11
SPY250411P00546000,2025-04-11 15:45:56+00:00,546.0,20.85,20.33,20.5,-0.1099987,-0.524803,297.0,3327,0.8042011767578124,True,REGULAR,USD,put,2025-04-11,2025-04-11
SPY250411P00547000,2025-04-11 15:21:34+00:00,547.0,22.43,21.23,21.4,-3.3099995,-12.859361,47.0,699,0.8173846386718748,True,REGULAR,USD,put,2025-04-11,2025-04-11
SPY250411P00548000,2025-04-11 15:44:23+00:00,548.0,22.77,22.2,22.38,0.6100006,2.7527103,62.0,1518,0.8391129370117187,True,REGULAR,USD,put,2025-04-11,2025-04-11
SPY250411P00549000,2025-04-11 15:38:29+00:00,549.0,24.53,23.21,23.37,-0.4699993,-1.8799973,87.0,977,0.8637708935546875,True,REGULAR,USD,put,2025-04-11,2025-04-11
SPY250411P00550000,2025-04-11 15:49:37+00:00,550.0,24.11,24.23,24.43,-0.21999931,-0.90423065,268.0,6312,0.8933116137695312,True,REGULAR,USD,put,2025-04-11,2025-04-11
SPY250411P00551000,2025-04-11 15:33:22+00:00,551.0,27.49,25.22,25.41,2.3500004,9.347654,57.0,1376,0.9155281884765626,True,REGULAR,USD,put,2025-04-11,2025-04-11
SPY250411P00552000,2025-04-11 15:48:40+00:00,552.0,26.27,26.14,26.3,0.5600014,2.1781461,29.0,5601,0.9270026831054687,True,REGULAR,USD,put,2025-04-11,2025-04-11
SPY250411P00553000,2025-04-11 14:29:04+00:00,553.0,27.5,27.11,27.3,-0.7099991,-2.5168347,43.0,821,0.9484868432617187,True,REGULAR,USD,put,2025-04-11,2025-04-11
SPY250411P00554000,2025-04-11 15:30:31+00:00,554.0,31.17,28.06,28.24,1.5400009,5.1974382,50.0,1069,0.9641116870117188,True,REGULAR,USD,put,2025-04-11,2025-04-11
SPY250411P00555000,2025-04-11 15:47:08+00:00,555.0,29.73,28.97,29.15,-0.14999962,-0.50200677,58.0,1233,0.97460962890625,True,REGULAR,USD,put,2025-04-11,2025-04-11
SPY250411P00556000,2025-04-11 15:25:42+00:00,556.0,33.93,30.11,30.28,2.3000011,7.2715816,38.0,3031,1.0161182006835938,True,REGULAR,USD,put,2025-04-11,2025-04-11
SPY250411P00557000,2025-04-11 14:56:37+00:00,557.0,33.17,30.8,30.98,1.4499989,4.5712447,24.0,405,0.9948730981445313,True,REGULAR,USD,put,2025-04-11,2025-04-11
SPY250411P00558000,2025-04-11 15:37:16+00:00,558.0,33.67,32.08,32.26,-2.3300018,-6.472227,58.0,512,1.0576218994140625,True,REGULAR,USD,put,2025-04-11,2025-04-11
SPY250411P00559000,2025-04-11 14:54:37+00:00,559.0,35.72,33.04,33.28,4.170002,13.217122,38.0,86,1.0783737487792968,True,REGULAR,USD,put,2025-04-11,2025-04-11
SPY250411P00560000,2025-04-11 15:15:33+00:00,560.0,38.95,33.94,34.19,5.2400017,15.544354,50.0,602,1.0864303491210938,True,REGULAR,USD,put,2025-04-11,2025-04-11
SPY250411P00561000,2025-04-11 14:09:52+00:00,561.0,39.0,35.03,35.28,3.6100006,10.2006235,16.0,26,1.1215864233398438,True,REGULAR,USD,put,2025-04-11,2025-04-11
SPY250411P00562000,2025-04-10 20:14:15+00:00,562.0,38.12,35.08,36.13,1.75,4.811658,4.0,177,1.0576218994140625,True,REGULAR,USD,put,2025-04-11,2025-04-11
SPY250411P00562500,2025-04-11 13:35:44+00:00,562.5,39.64,35.72,37.57,3.4799995,9.623892,33.0,69,1.1525921276855469,True,REGULAR,USD,put,2025-04-11,2025-04-11
SPY250411P00563000,2025-04-10 15:14:23+00:00,563.0,38.49,35.95,37.26,1.8200035,4.963195,11.0,42,1.0781296093750001,True,REGULAR,USD,put,2025-04-11,2025-04-11
SPY250411P00564000,2025-04-11 15:24:02+00:00,564.0,43.0,37.11,39.23,-3.959999,-8.432707,33.0,41,1.1884806201171876,True,REGULAR,USD,put,2025-04-11,2025-04-11
SPY250411P00565000,2025-04-11 15:24:20+00:00,565.0,41.57,38.98,39.18,3.0600014,7.9459915,67.0,1522,1.1958048022460939,True,REGULAR,USD,put,2025-04-11,2025-04-11
SPY250411P00566000,2025-04-10 17:25:39+00:00,566.0,43.05,39.29,41.13,-5.450001,-11.237115,1.0,1,1.2370643615722656,True,REGULAR,USD,put,2025-04-11,2025-04-11
SPY250411P00567000,2025-04-10 17:02:34+00:00,567.0,43.0,39.56,42.48,0.0,0.0,3.0,7,1.2280312036132814,True,REGULAR,USD,put,2025-04-11,2025-04-11
SPY250411P00568000,2025-04-11 15:48:50+00:00,568.0,42.0,41.3,43.14,-1.2000008,-2.7777796,81.0,58,1.280521175537109,True,REGULAR,USD,put,2025-04-11,2025-04-11
SPY250411P00569000,2025-04-09 19:10:23+00:00,569.0,33.46,43.0,44.06,0.0,0.0,17.0,4,1.3491243481445312,True,REGULAR,USD,put,2025-04-11,2025-04-11
SPY250411P00570000,2025-04-10 15:33:25+00:00,570.0,48.3,43.1,45.23,0.8199997,1.7270423,1.0,32,1.3129917163085936,True,REGULAR,USD,put,2025-04-11,2025-04-11
SPY250411P00571000,2025-04-11 15:08:53+00:00,571.0,48.23,44.21,46.12,5.41,12.634283,30.0,4,1.333499426269531,True,REGULAR,USD,put,2025-04-11,2025-04-11
SPY250411P00572000,2025-04-10 19:52:59+00:00,572.0,47.76,45.08,47.52,0.0,0.0,10.0,1,1.3754914038085935,True,REGULAR,USD,put,2025-04-11,2025-04-11
SPY250411P00573000,2025-04-08 19:13:09+00:00,573.0,76.0,46.71,47.2,0.0,0.0,1.0,5,1.338870493164062,True,REGULAR,USD,put,2025-04-11,2025-04-11
SPY250411P00574000,2025-04-09 16:51:04+00:00,574.0,72.98,47.05,49.14,0.0,0.0,1.0,33,1.382327307128906,True,REGULAR,USD,put,2025-04-11,2025-04-11
SPY250411P00575000,2025-04-10 13:30:01+00:00,575.0,50.74,48.07,50.46,7.4800034,17.29081,25.0,103,1.4306669091796875,True,REGULAR,USD,put,2025-04-11,2025-04-11
SPY250411P00576000,2025-04-04 14:37:48+00:00,576.0,60.42,49.18,51.11,0.0,0.0,12.0,0,1.4304227697753906,True,REGULAR,USD,put,2025-04-11,2025-04-11
SPY250411P00577000,2025-04-10 14:43:15+00:00,577.0,46.61,50.2,51.9,0.0,0.0,1.0,5,1.4338407214355469,True,REGULAR,USD,put,2025-04-11,2025-04-11
SPY250411P00578000,2025-04-09 13:39:56+00:00,578.0,78.81,50.94,53.42,0.0,0.0,20.0,0,1.4755885595703124,True,REGULAR,USD,put,2025-04-11,2025-04-11
SPY250411P00579000,2025-04-09 13:37:25+00:00,579.0,84.27,52.4,53.87,0.0,0.0,1.0,0,1.487551390380859,True,REGULAR,USD,put,2025-04-11,2025-04-11
SPY250411P00580000,2025-04-11 15:21:09+00:00,580.0,55.0,53.08,55.2,-3.119999,-5.3682017,6.0,58,1.5078149609375,True,REGULAR,USD,put,2025-04-11,2025-04-11
SPY250411P00581000,2025-04-04 15:14:33+00:00,581.0,60.0,54.07,56.06,0.0,0.0,13.0,0,1.5136743066406249,True,REGULAR,USD,put,2025-04-11,2025-04-11
SPY250411P00582000,2025-04-08 14:59:20+00:00,582.0,63.96,55.06,57.51,0.0,0.0,1.0,1,1.5715353454589844,True,REGULAR,USD,put,2025-04-11,2025-04-11
SPY250411P00582500,2025-04-07 13:37:33+00:00,582.5,96.51,55.04,58.02,0.0,0.0,1.0,0,1.5361351318359375,True,REGULAR,USD,put,2025-04-11,2025-04-11
SPY250411P00583000,2025-04-09 17:44:50+00:00,583.0,55.83,55.53,58.92,0.0,0.0,3.0,0,1.5803243640136717,True,REGULAR,USD,put,2025-04-11,2025-04-11
SPY250411P00584000,2025-04-07 13:36:43+00:00,584.0,97.93,56.67,59.57,0.0,0.0,1.0,1,1.5805685034179686,True,REGULAR,USD,put,2025-04-11,2025-04-11
SPY250411P00585000,2025-04-10 19:45:16+00:00,585.0,66.42,57.95,60.08,0.0,0.0,32.0,2,1.5805685034179686,True,REGULAR,USD,put,2025-04-11,2025-04-11
SPY250411P00586000,2025-04-03 18:55:50+00:00,586.0,44.22,58.59,61.76,0.0,0.0,64.0,0,1.628419826660156,True,REGULAR,USD,put,2025-04-11,2025-04-11
SPY250411P00587000,2025-04-07 17:45:57+00:00,587.0,79.77,60.07,62.21,0.0,0.0,30.0,0,1.640626796875,True,REGULAR,USD,put,2025-04-11,2025-04-11
SPY250411P00587500,2025-04-10 16:05:46+00:00,587.5,71.73,60.54,62.74,0.0,0.0,4.0,0,1.6499040942382814,True,REGULAR,USD,put,2025-04-11,2025-04-11
SPY250411P00588000,2025-04-03 18:55:50+00:00,588.0,46.39,60.74,64.14,0.0,0.0,20.0,0,1.712892060546875,True,REGULAR,USD,put,2025-04-11,2025-04-11
SPY250411P00589000,2025-04-03 18:55:50+00:00,589.0,47.47,62.06,64.19,0.0,0.0,20.0,0,1.675294592285156,True,REGULAR,USD,put,2025-04-11,2025-04-11
SPY250411P00590000,2025-04-09 19:38:15+00:00,590.0,49.61,62.67,66.34,0.0,0.0,2.0,0,1.762208220214844,True,REGULAR,USD,put,2025-04-11,2025-04-11
SPY250411P00591000,2025-04-03 15:08:32+00:00,591.0,50.96,63.66,66.75,0.0,0.0,1.0,0,1.726808006591797,True,REGULAR,USD,put,2025-04-11,2025-04-11
SPY250411P00592000,2025-03-31 19:36:35+00:00,592.0,33.84,64.94,67.54,0.0,0.0,91.0,0,1.7514660864257814,True,REGULAR,USD,put,2025-04-11,2025-04-11
SPY250411P00592500,2025-03-25 19:37:45+00:00,592.5,18.42,64.96,68.01,0.0,0.0,4.0,0,1.7124037817382813,True,REGULAR,USD,put,2025-04-11,2025-04-11
SPY250411P00593000,2025-04-03 18:55:50+00:00,593.0,51.06,66.06,68.52,0.0,0.0,16.0,0,1.7792979785156249,True,REGULAR,USD,put,2025-04-11,2025-04-11
SPY250411P00594000,2025-04-09 17:51:06+00:00,594.0,62.8,67.06,69.19,0.0,0.0,1.0,0,1.7666027294921873,True,REGULAR,USD,put,2025-04-11,2025-04-11
SPY250411P00595000,2025-04-10 13:47:32+00:00,595.0,63.07,67.5,70.91,0.0,0.0,2.0,0,1.7998056884765623,True,REGULAR,USD,put,2025-04-11,2025-04-11
SPY250411P00596000,2025-03-28 14:09:08+00:00,596.0,33.7,68.93,71.99,0.0,0.0,3.0,0,1.865235048828125,True,REGULAR,USD,put,2025-04-11,2025-04-11
SPY250411P00597000,2025-03-28 19:04:49+00:00,597.0,40.64,69.87,72.0,0.0,0.0,14.0,0,1.7827159301757813,True,REGULAR,USD,put,2025-04-11,2025-04-11
SPY250411P00597500,2025-03-26 14:03:52+00:00,597.5,23.62,70.02,72.69,0.0,0.0,4.0,0,1.7753917480468748,True,REGULAR,USD,put,2025-04-11,2025-04-11
SPY250411P00598000,2025-04-01 14:07:02+00:00,598.0,42.55,70.69,73.23,0.0,0.0,2.0,0,1.8056650341796874,True,REGULAR,USD,put,2025-04-11,2025-04-11
SPY250411P00599000,2025-04-07 17:00:05+00:00,599.0,101.81,72.08,74.1,0.0,0.0,1.0,0,1.8491218481445313,True,REGULAR,USD,put,2025-04-11,2025-04-11
SPY250411P00600000,2025-04-10 17:52:35+00:00,600.0,75.8,72.52,75.45,0.0,0.0,5.0,0,1.8457038964843748,True,REGULAR,USD,put,2025-04-11,2025-04-11
SPY250411P00601000,2025-03-27 13:34:15+00:00,601.0,34.96,73.43,76.52,0.0,0.0,1.0,0,1.8608405395507814,True,REGULAR,USD,put,2025-04-11,2025-04-11
SPY250411P00602000,2025-03-20 13:54:48+00:00,602.0,37.55,74.52,78.3,0.0,0.0,14.0,0,1.9638673681640624,True,REGULAR,USD,put,2025-04-11,2025-04-11
SPY250411P00602500,2025-03-11 14:29:26+00:00,602.5,47.5,75.56,77.67,0.0,0.0,2.0,0,1.9152836267089848,True,REGULAR,USD,put,2025-04-11,2025-04-11
SPY250411P00603000,2025-03-26 13:41:37+00:00,603.0,27.18,75.69,78.91,0.0,0.0,2.0,0,1.9604494165039061,True,REGULAR,USD,put,2025-04-11,2025-04-11
SPY250411P00604000,2025-03-10 17:33:01+00:00,604.0,43.52,76.52,79.91,0.0,0.0,2.0,0,1.9614259741210938,True,REGULAR,USD,put,2025-04-11,2025-04-11
SPY250411P00605000,2025-04-10 17:23:22+00:00,605.0,90.84,77.46,80.81,0.0,0.0,2.0,0,1.962890810546875,True,REGULAR,USD,put,2025-04-11,2025-04-11
SPY250411P00606000,2025-03-21 13:46:17+00:00,606.0,46.51,78.45,81.91,0.0,0.0,2.0,0,1.9892578662109375,True,REGULAR,USD,put,2025-04-11,2025-04-11
SPY250411P00607000,2025-04-07 15:15:53+00:00,607.0,111.45,79.46,82.91,0.0,0.0,20.0,0,2.007329200439453,True,REGULAR,USD,put,2025-04-11,2025-04-11
SPY250411P00608000,2025-03-27 15:02:53+00:00,608.0,37.45,80.9,83.0,0.0,0.0,5.0,0,1.9755860595703125,True,REGULAR,USD,put,2025-04-11,2025-04-11
SPY250411P00609000,2025-04-03 15:44:28+00:00,609.0,65.37,81.52,84.61,0.0,0.0,1.0,0,2.0166065209960937,True,REGULAR,USD,put,2025-04-11,2025-04-11
SPY250411P00610000,2025-04-10 19:54:39+00:00,610.0,83.0,83.05,85.52,0.0,0.0,4.0,2,2.0791063647460932,True,REGULAR,USD,put,2025-04-11,2025-04-11
SPY250411P00611000,2025-03-31 19:52:04+00:00,611.0,52.42,83.96,86.5,0.0,0.0,1.0,0,2.084965725097656,True,REGULAR,USD,put,2025-04-11,2025-04-11
SPY250411P00612000,2025-03-26 18:29:39+00:00,612.0,42.71,85.06,87.52,0.0,0.0,4.0,0,2.1140183868408204,True,REGULAR,USD,put,2025-04-11,2025-04-11
SPY250411P00614000,2025-03-03 17:27:48+00:00,614.0,23.32,0.0,0.0,0.0,0.0,,0,1.0000000000000003e-05,True,REGULAR,USD,put,2025-04-11,2025-04-11
SPY250411P00615000,2025-04-10 14:31:49+00:00,615.0,85.15,87.53,90.55,0.0,0.0,,0,2.111821126708984,True,REGULAR,USD,put,2025-04-11,2025-04-11
SPY250411P00616000,2025-03-21 19:44:54+00:00,616.0,52.18,88.92,91.0,0.0,0.0,28.0,0,2.1108445666503903,True,REGULAR,USD,put,2025-04-11,2025-04-11
SPY250411P00620000,2025-03-24 20:00:45+00:00,620.0,45.64,93.05,95.0,0.0,0.0,4.0,0,2.1904342114257807,True,REGULAR,USD,put,2025-04-11,2025-04-11
SPY250411P00622000,2025-03-25 20:04:45+00:00,622.0,46.45,94.89,97.95,0.0,0.0,,0,2.308109698486328,True,REGULAR,USD,put,2025-04-11,2025-04-11
SPY250411P00624000,2025-03-13 16:45:25+00:00,624.0,71.4,96.53,99.5,0.0,0.0,2.0,0,2.252934055175781,True,REGULAR,USD,put,2025-04-11,2025-04-11
SPY250411P00625000,2025-04-08 20:14:12+00:00,625.0,128.01,97.92,100.0,0.0,0.0,1.0,0,2.2563520153808594,True,REGULAR,USD,put,2025-04-11,2025-04-11
SPY250411P00627000,2025-04-11 15:01:55+00:00,627.0,105.2,99.53,102.95,35.89,51.781853,20.0,0,2.3510783410644525,True,REGULAR,USD,put,2025-04-11,2025-04-11
SPY250411P00628000,2025-04-11 15:00:04+00:00,628.0,105.94,100.7,104.14,51.300003,93.887276,2.0,0,2.405765704345703,True,REGULAR,USD,put,2025-04-11,2025-04-11
SPY250411P00640000,2025-04-11 15:01:38+00:00,640.0,117.99,112.53,115.95,5.9300003,5.291808,32.0,0,2.5551793933105467,True,REGULAR,USD,put,2025-04-11,2025-04-11
SPY250411P00645000,2025-04-11 15:27:18+00:00,645.0,122.98,117.75,120.9,53.72,77.562805,5.0,0,2.6513705590820313,True,REGULAR,USD,put,2025-04-11,2025-04-11
SPY250411P00650000,2025-04-11 15:27:18+00:00,650.0,124.76,122.53,125.02,-3.4699936,-2.7060702,81.0,0,2.5908238354492186,True,REGULAR,USD,put,2025-04-11,2025-04-11
SPY250411P00660000,2025-04-11 15:43:16+00:00,660.0,135.04,132.53,135.52,33.02999,32.37917,2.0,0,2.8002959680175783,True,REGULAR,USD,put,2025-04-11,2025-04-11
SPY250411P00670000,2025-04-11 15:42:02+00:00,670.0,144.89,143.07,145.22,-1.2200012,-0.8349882,26.0,0,2.9736353784179688,True,REGULAR,USD,put,2025-04-11,2025-04-11
SPY250411P00675000,2025-04-11 15:27:18+00:00,675.0,152.98,147.53,150.52,3.2799988,2.191048,7.0,0,3.0117212207031248,True,REGULAR,USD,put,2025-04-11,2025-04-11
SPY250411P00680000,2025-04-11 14:22:13+00:00,680.0,157.95,152.74,155.22,4.0399933,2.6249063,8.0,0,3.0678734240722654,True,REGULAR,USD,put,2025-04-11,2025-04-11
SPY250411P00690000,2025-04-11 15:00:04+00:00,690.0,164.5,162.53,165.73,0.3600006,0.21932533,19.0,0,3.24365423461914,True,REGULAR,USD,put,2025-04-11,2025-04-11
SPY250411P00700000,2025-04-11 14:32:37+00:00,700.0,174.89,172.94,175.18,0.6300049,0.36153156,87.0,0,3.3554703613281243,True,REGULAR,USD,put,2025-04-11,2025-04-11
